Name,Alcohol,Character,Class,Beverage,Red Meat,Pork,Poultry,Mollusc,Fish,Lobster-Shellfish,Grilled,Hard Cheese,Soft Cheese,Green Vegetables,Soft Vegetables,Fungi,Beans,Spicy,Fruits,Dessert,Clusters
Domaine Fouassier 'La Garenne' Sancerre 2019/20,13.5,2,Sancerre,1,0.0,0.0,1.0,1.0,1.0,1.0,0.0,1.0,1.0,1.0,0.0,0.0,1.0,1.0,0.0,0.0,0
Bread and Butter Chardonnay 2019/20,13.5,2,Chardonnay,1,0.0,0.0,1.0,0.0,1.0,1.0,0.0,1.0,1.0,0.0,1.0,1.0,0.0,0.0,1.0,0.0,0
Ancient Lakes 'Eight Thousand Lakes' Riesling 2019,11.5,3,Riesling,1,0.0,0.0,0.0,0.0,0.0,1.0,1.0,0.0,1.0,0.0,1.0,0.0,0.0,1.0,1.0,0.0,0
Pringle Bay Sauvignon Blanc 2021,12.5,2,Sauvignon Blanc,1,0.0,0.0,1.0,1.0,1.0,1.0,0.0,0.0,1.0,1.0,0.0,0.0,1.0,1.0,0.0,0.0,0
Boekenhoutskloof 'Vintager' Sauvignon Blanc 2021,12.5,2,Sauvignon Blanc,1,0.0,0.0,1.0,1.0,1.0,1.0,0.0,0.0,1.0,1.0,0.0,0.0,1.0,1.0,0.0,0.0,0
Pinot Gris Grand Cru Spiegel 2018/19 Domaines Schlumberger,14.0,4,Pinot Gris,1,0.0,0.0,1.0,1.0,1.0,1.0,0.0,0.0,1.0,1.0,0.0,0.0,1.0,1.0,0.0,0.0,1
Royal Tokaji 'Gold Label' 6 Puttonyos 2016,11.0,8,Tokaji,1,0.0,0.0,0.0,0.0,0.0,0.0,0.0,0.0,0.0,0.0,0.0,0.0,0.0,0.0,1.0,1.0,1
Royal Tokaji Late Harvest 2017 50cl,11.5,8,Tokaji,1,0.0,0.0,0.0,0.0,0.0,0.0,0.0,0.0,0.0,0.0,0.0,0.0,0.0,0.0,1.0,1.0,1
Matusalem 30-Year-Old Oloroso Sherry Gonzalez Byass Half Bottle,20.5,5,,1,0.0,0.0,0.0,0.0,0.0,0.0,0.0,0.0,0.0,0.0,0.0,0.0,0.0,0.0,0.0,0.0,3
Cave de Hunawihr Kuhlmann-Platz 'Cuvée Prestige' Pinot Gris 2019,13.5,2,Pinot Gris,1,0.0,0.0,1.0,1.0,1.0,1.0,0.0,0.0,1.0,1.0,0.0,0.0,1.0,1.0,0.0,0.0,0
De Bortoli Botrytis Semillon 2018 Half Bottle,10.0,8,,1,0.0,0.0,0.0,0.0,0.0,0.0,0.0,0.0,0.0,0.0,0.0,0.0,0.0,0.0,0.0,0.0,2
The Hunting Lodge Seasonal Sauvignon Blanc 2020,13.5,2,Sauvignon Blanc,1,0.0,0.0,1.0,1.0,1.0,1.0,0.0,0.0,1.0,1.0,0.0,0.0,1.0,1.0,0.0,0.0,0
Yealands Estate Single Vineyard Sauvignon Blanc 2020/21,13.0,2,Sauvignon Blanc,1,0.0,0.0,1.0,1.0,1.0,1.0,0.0,0.0,1.0,1.0,0.0,0.0,1.0,1.0,0.0,0.0,0
Lyme Bay Chardonnay 2017/18,13.5,2,Chardonnay,1,0.0,0.0,1.0,0.0,1.0,1.0,0.0,1.0,1.0,0.0,1.0,1.0,0.0,0.0,1.0,0.0,0
La Belle Angele Sauvignon Blanc Boxed Wine 2.25L,11.5,2,Sauvignon Blanc,1,0.0,0.0,1.0,1.0,1.0,1.0,0.0,0.0,1.0,1.0,0.0,0.0,1.0,1.0,0.0,0.0,0
Definition Pouilly-Fuissé 2019,13.0,2,,1,0.0,0.0,0.0,0.0,0.0,0.0,0.0,0.0,0.0,0.0,0.0,0.0,0.0,0.0,0.0,0.0,0
Ara 'Pathway' Sauvignon Blanc 2021,13.0,2,Sauvignon Blanc,1,0.0,0.0,1.0,1.0,1.0,1.0,0.0,0.0,1.0,1.0,0.0,0.0,1.0,1.0,0.0,0.0,0
Domaine Faiveley 'La Garenne' 2016 Puligny-Montrachet Premier Cru,13.5,2,,1,0.0,0.0,0.0,0.0,0.0,0.0,0.0,0.0,0.0,0.0,0.0,0.0,0.0,0.0,0.0,0.0,0
Roberto Sarotto 'Campo dell'Olio' Gavi di Gavi 2020,13.0,2,Gavi,1,0.0,0.0,1.0,1.0,1.0,1.0,0.0,0.0,1.0,1.0,1.0,0.0,0.0,0.0,1.0,0.0,0
Gewürztraminer 'Les Princes Abbés' 2018/19 Domaines Schlumberger,13.5,2,,1,0.0,0.0,0.0,0.0,0.0,0.0,0.0,0.0,0.0,0.0,0.0,0.0,0.0,0.0,0.0,0.0,0
The Ned Noble Sauvignon Blanc 2018/19 Half Bottle,9.5,7,Sauvignon Blanc,1,0.0,0.0,1.0,1.0,1.0,1.0,0.0,0.0,1.0,1.0,0.0,0.0,1.0,1.0,0.0,0.0,2
Pegasus Bay 'Main Divide' Riesling 2016,13.0,4,Riesling,1,0.0,0.0,0.0,0.0,0.0,1.0,1.0,0.0,1.0,0.0,1.0,0.0,0.0,1.0,1.0,0.0,1
Pedro Ximenez Triana Hidalgo Sherry,15.0,8,,1,0.0,0.0,0.0,0.0,0.0,0.0,0.0,0.0,0.0,0.0,0.0,0.0,0.0,0.0,0.0,0.0,3
Schloss Vollrads Riesling Kabinett Trocken 2018,12.5,3,Riesling,1,0.0,0.0,0.0,0.0,0.0,1.0,1.0,0.0,1.0,0.0,1.0,0.0,0.0,1.0,1.0,0.0,0
Alain Jaume 'La Butte d'Or' Condrieu 2020,14.0,2,,1,0.0,0.0,0.0,0.0,0.0,0.0,0.0,0.0,0.0,0.0,0.0,0.0,0.0,0.0,0.0,0.0,0
Domäne Wachau 'Smaragd' Grüner Veltliner 2019/20,13.5,2,,1,0.0,0.0,0.0,0.0,0.0,0.0,0.0,0.0,0.0,0.0,0.0,0.0,0.0,0.0,0.0,0.0,0
Majestic Crisp and Zesty 2021,12.5,2,,1,0.0,0.0,0.0,0.0,0.0,0.0,0.0,0.0,0.0,0.0,0.0,0.0,0.0,0.0,0.0,0.0,0
Parcel Series Sauvignon Blanc 2019,13.0,2,Sauvignon Blanc,1,0.0,0.0,1.0,1.0,1.0,1.0,0.0,0.0,1.0,1.0,0.0,0.0,1.0,1.0,0.0,0.0,0
Cave Vinicole de Hunawihr 'Calixte 5' Cremant d'Alsace Brut,12.0,2,,1,0.0,0.0,0.0,0.0,0.0,0.0,0.0,0.0,0.0,0.0,0.0,0.0,0.0,0.0,0.0,0.0,0
Robert Oatley 'Signature Series' Chardonnay 2019/20,13.1,2,Chardonnay,1,0.0,0.0,1.0,0.0,1.0,1.0,0.0,1.0,1.0,0.0,1.0,1.0,0.0,0.0,1.0,0.0,0
Christina Ascheri Gavi di Gavi DOCG 2020,13.0,4,Gavi,1,0.0,0.0,1.0,1.0,1.0,1.0,0.0,0.0,1.0,1.0,1.0,0.0,0.0,0.0,1.0,0.0,1
Castelnau de Suduiraut 2014 Sauternes Half Bottle,13.5,8,,1,0.0,0.0,0.0,0.0,0.0,0.0,0.0,0.0,0.0,0.0,0.0,0.0,0.0,0.0,0.0,0.0,1
Cave de Hunawihr Kuhlmann-Platz 'Cuvée Prestige' Gewürztraminer 2018/19,14.0,3,,1,0.0,0.0,0.0,0.0,0.0,0.0,0.0,0.0,0.0,0.0,0.0,0.0,0.0,0.0,0.0,0.0,0
Waimea Estates Gewürztraminer 2020/21,13.5,3,,1,0.0,0.0,0.0,0.0,0.0,0.0,0.0,0.0,0.0,0.0,0.0,0.0,0.0,0.0,0.0,0.0,0
Definition Sauternes 2014 Half Bottle,13.0,8,,1,0.0,0.0,0.0,0.0,0.0,0.0,0.0,0.0,0.0,0.0,0.0,0.0,0.0,0.0,0.0,0.0,1
Piper-Heidsieck 'Cuvée Brut' Champagne,12.0,2,,1,0.0,0.0,0.0,0.0,0.0,0.0,0.0,0.0,0.0,0.0,0.0,0.0,0.0,0.0,0.0,0.0,0
Saint Clair ‘Pioneer Block 5 Bull Block’ Pinot Gris 2020,12.5,3,Pinot Gris,1,0.0,0.0,1.0,1.0,1.0,1.0,0.0,0.0,1.0,1.0,0.0,0.0,1.0,1.0,0.0,0.0,0
Cattier Premier Cru Brut Champagne,12.5,2,,1,0.0,0.0,0.0,0.0,0.0,0.0,0.0,0.0,0.0,0.0,0.0,0.0,0.0,0.0,0.0,0.0,0
Villa Tucci Bianco,12.0,2,,1,0.0,0.0,0.0,0.0,0.0,0.0,0.0,0.0,0.0,0.0,0.0,0.0,0.0,0.0,0.0,0.0,0
Famille Brocard 'Bougros' Chablis Grand Cru 2019,14.0,2,,1,0.0,0.0,0.0,0.0,0.0,0.0,0.0,0.0,0.0,0.0,0.0,0.0,0.0,0.0,0.0,0.0,0
Edouard Delaunay Puligny-Montrachet 2019,14.0,2,,1,0.0,0.0,0.0,0.0,0.0,0.0,0.0,0.0,0.0,0.0,0.0,0.0,0.0,0.0,0.0,0.0,0
J. Moreau et Fils ‘Le Sans Bois' Chardonnay 2020,12.0,2,Chardonnay,1,0.0,0.0,1.0,0.0,1.0,1.0,0.0,1.0,1.0,0.0,1.0,1.0,0.0,0.0,1.0,0.0,0
Château La Rame 2017/18 Ste-Croix-du-Mont Half Bottle,15.0,8,,1,0.0,0.0,0.0,0.0,0.0,0.0,0.0,0.0,0.0,0.0,0.0,0.0,0.0,0.0,0.0,0.0,3
Vouvray Domaine des Aubuisières Cuvée de Perruches 2019/20,13.5,2,,1,0.0,0.0,0.0,0.0,0.0,0.0,0.0,0.0,0.0,0.0,0.0,0.0,0.0,0.0,0.0,0.0,0
Kuhlmann-Platz Riesling 2020 Cave de Hunawihr,13.0,2,Riesling,1,0.0,0.0,0.0,0.0,0.0,1.0,1.0,0.0,1.0,0.0,1.0,0.0,0.0,1.0,1.0,0.0,0
Apostoles 30-Year-Old Palo Cortado Sherry Gonzalez Byass Half Bottle,20.0,3,,1,0.0,0.0,0.0,0.0,0.0,0.0,0.0,0.0,0.0,0.0,0.0,0.0,0.0,0.0,0.0,0.0,3
Noe 30-Year-Old Pedro Ximenez Sherry Gonzalez Byass Half Bottle,15.5,8,,1,0.0,0.0,0.0,0.0,0.0,0.0,0.0,0.0,0.0,0.0,0.0,0.0,0.0,0.0,0.0,0.0,3
Kendermanns Riesling Kabinett 2020,8.5,2,Riesling,1,0.0,0.0,0.0,0.0,0.0,1.0,1.0,0.0,1.0,0.0,1.0,0.0,0.0,1.0,1.0,0.0,2
Framingham 'Classic' Riesling 2020/21,12.5,3,Riesling,1,0.0,0.0,0.0,0.0,0.0,1.0,1.0,0.0,1.0,0.0,1.0,0.0,0.0,1.0,1.0,0.0,0
Definition Mosel Riesling 2019/20,10.5,5,Riesling,1,0.0,0.0,0.0,0.0,0.0,1.0,1.0,0.0,1.0,0.0,1.0,0.0,0.0,1.0,1.0,0.0,2
Dr. Hermann 'Ürziger Würzgarten' Riesling Auslese 2006,8.5,6,Riesling,1,0.0,0.0,0.0,0.0,0.0,1.0,1.0,0.0,1.0,0.0,1.0,0.0,0.0,1.0,1.0,0.0,2
Cantina di Monteforte 'Saveroni' Garganega-Pinot Grigio 2020,12.5,2,Pinot Grigio,1,0.0,0.0,1.0,1.0,1.0,1.0,0.0,0.0,1.0,1.0,0.0,0.0,1.0,1.0,0.0,0.0,0
Lapostolle Cuvée Alexandre Chardonnay 2019,14.5,2,Chardonnay,1,0.0,0.0,1.0,0.0,1.0,1.0,0.0,1.0,1.0,0.0,1.0,1.0,0.0,0.0,1.0,0.0,0
Olivier Tricon ‘Léon Valleret’ Chablis 2020,12.5,2,,1,0.0,0.0,0.0,0.0,0.0,0.0,0.0,0.0,0.0,0.0,0.0,0.0,0.0,0.0,0.0,0.0,0
Guigal Condrieu 2018,14.5,2,,1,0.0,0.0,0.0,0.0,0.0,0.0,0.0,0.0,0.0,0.0,0.0,0.0,0.0,0.0,0.0,0.0,0
Royal Tokaji 5 Puttonyos 2016 Hungary 50cl,11.5,8,Tokaji,1,0.0,0.0,0.0,0.0,0.0,0.0,0.0,0.0,0.0,0.0,0.0,0.0,0.0,0.0,1.0,1.0,1
Essensia Orange Muscat 2018/19 Andrew Quady Half Bottle,15.0,7,Muscat,1,0.0,0.0,0.0,0.0,0.0,0.0,0.0,0.0,0.0,0.0,0.0,0.0,0.0,1.0,1.0,1.0,3
10 year old Malmsey Henriques and Henriques Madeira 50cl,20.0,7,,1,0.0,0.0,0.0,0.0,0.0,0.0,0.0,0.0,0.0,0.0,0.0,0.0,0.0,0.0,0.0,0.0,3
Dr Loosen ‘Graacher Himmelreich’ Riesling Spätlese 2019/20,9.5,5,Riesling,1,0.0,0.0,0.0,0.0,0.0,1.0,1.0,0.0,1.0,0.0,1.0,0.0,0.0,1.0,1.0,0.0,2
Gabriëlskloof 'Elodie' Chenin Blanc 2019/20,13.5,2,Chenin Blanc,1,0.0,0.0,0.0,0.0,0.0,1.0,1.0,0.0,1.0,0.0,1.0,0.0,0.0,1.0,1.0,0.0,0
Gonzalez Byass Solera Cream Sherry,18.0,6,,1,0.0,0.0,0.0,0.0,0.0,0.0,0.0,0.0,0.0,0.0,0.0,0.0,0.0,0.0,0.0,0.0,3
Castello di Farnetella Vin Santo 2015,15.0,7,Vin Santo,1,0.0,0.0,0.0,0.0,0.0,0.0,0.0,0.0,0.0,0.0,0.0,0.0,0.0,0.0,1.0,1.0,3
Majestic Vibrant and Fresh 2020,12.5,2,,1,0.0,0.0,0.0,0.0,0.0,0.0,0.0,0.0,0.0,0.0,0.0,0.0,0.0,0.0,0.0,0.0,0
Castello Toledana Gavi di Gavi 2019,13.5,2,Gavi,1,0.0,0.0,1.0,1.0,1.0,1.0,0.0,0.0,1.0,1.0,1.0,0.0,0.0,0.0,1.0,0.0,0
Journey’s End ‘Lone Creek’ Sauvignon Blanc 2021,12.5,3,Sauvignon Blanc,1,0.0,0.0,1.0,1.0,1.0,1.0,0.0,0.0,1.0,1.0,0.0,0.0,1.0,1.0,0.0,0.0,0
Domaine la Troupe ‘Cuvée Marie’ Viré Clessé 2020,13.0,2,,1,0.0,0.0,0.0,0.0,0.0,0.0,0.0,0.0,0.0,0.0,0.0,0.0,0.0,0.0,0.0,0.0,0
Dr Loosen Slate Hill Riesling 2019/20,8.5,3,Riesling,1,0.0,0.0,0.0,0.0,0.0,1.0,1.0,0.0,1.0,0.0,1.0,0.0,0.0,1.0,1.0,0.0,2
Villa Maria Private Bin Riesling 2016,12.0,2,Riesling,1,0.0,0.0,0.0,0.0,0.0,1.0,1.0,0.0,1.0,0.0,1.0,0.0,0.0,1.0,1.0,0.0,0
Dr. Hermann ‘Erdener Treppchen’ Riesling Auslese 2006,9.0,5,Riesling,1,0.0,0.0,0.0,0.0,0.0,1.0,1.0,0.0,1.0,0.0,1.0,0.0,0.0,1.0,1.0,0.0,2
Weingut Göettelmann Münsterer Kapellenberg Riesling Trocken 2016,12.5,3,Riesling,1,0.0,0.0,0.0,0.0,0.0,1.0,1.0,0.0,1.0,0.0,1.0,0.0,0.0,1.0,1.0,0.0,0
Dr Hermann 'Erdener Treppchen' Riesling Beerenauslese 2006 Half Bottle,8.5,8,Riesling,1,0.0,0.0,0.0,0.0,0.0,1.0,1.0,0.0,1.0,0.0,1.0,0.0,0.0,1.0,1.0,0.0,2
Cune 'Maruxa' Godello 2020,13.5,2,,1,0.0,0.0,0.0,0.0,0.0,0.0,0.0,0.0,0.0,0.0,0.0,0.0,0.0,0.0,0.0,0.0,0
Cape Mentelle Chardonnay 2017,13.0,2,Chardonnay,1,0.0,0.0,1.0,0.0,1.0,1.0,0.0,1.0,1.0,0.0,1.0,1.0,0.0,0.0,1.0,0.0,0
Cune Barrel Fermented Rioja Blanco 2019,13.0,2,Rioja,1,1.0,1.0,0.0,0.0,0.0,0.0,1.0,1.0,1.0,1.0,0.0,0.0,0.0,1.0,0.0,0.0,0
Loimer Manhart 2018,12.5,2,,1,0.0,0.0,0.0,0.0,0.0,0.0,0.0,0.0,0.0,0.0,0.0,0.0,0.0,0.0,0.0,0.0,0
Domaine Passy ‘Le Clou’ Petit Chablis 2020,12.5,2,,1,0.0,0.0,0.0,0.0,0.0,0.0,0.0,0.0,0.0,0.0,0.0,0.0,0.0,0.0,0.0,0.0,0
Domaine Marcel Couturier Pouilly-Loché 2018,13.0,2,,1,0.0,0.0,0.0,0.0,0.0,0.0,0.0,0.0,0.0,0.0,0.0,0.0,0.0,0.0,0.0,0.0,0
Veuve Clicquot Demi-Sec Champagne,12.0,5,,1,0.0,0.0,0.0,0.0,0.0,0.0,0.0,0.0,0.0,0.0,0.0,0.0,0.0,0.0,0.0,0.0,1
A Sticky End Noble Sauvignon Blanc Half Bottle,11.5,7,Sauvignon Blanc,1,0.0,0.0,1.0,1.0,1.0,1.0,0.0,0.0,1.0,1.0,0.0,0.0,1.0,1.0,0.0,0.0,1
Vin de Constance 2016 Klein Constantia,12.5,7,,1,0.0,0.0,0.0,0.0,0.0,0.0,0.0,0.0,0.0,0.0,0.0,0.0,0.0,0.0,0.0,0.0,1
Vistamar Late Harvest Moscatel 2017 Half Bottle,12.5,7,,1,0.0,0.0,0.0,0.0,0.0,0.0,0.0,0.0,0.0,0.0,0.0,0.0,0.0,0.0,0.0,0.0,1
Hermann Erdener TreppchenSpatlese Riesling 2011,8.0,3,Riesling,1,0.0,0.0,0.0,0.0,0.0,1.0,1.0,0.0,1.0,0.0,1.0,0.0,0.0,1.0,1.0,0.0,2
Dr. Hermann 'Erdener Treppchen' Riesling Auslese 2005,9.0,5,Riesling,1,0.0,0.0,0.0,0.0,0.0,1.0,1.0,0.0,1.0,0.0,1.0,0.0,0.0,1.0,1.0,0.0,2
Hermann Urziger Wurzgarten Riesling Auslese 2005,8.0,5,Riesling,1,0.0,0.0,0.0,0.0,0.0,1.0,1.0,0.0,1.0,0.0,1.0,0.0,0.0,1.0,1.0,0.0,2
Domaine des Deux Vallées 'Clos de la Casse' Anjou Blanc 2019,14.5,2,,1,0.0,0.0,0.0,0.0,0.0,0.0,0.0,0.0,0.0,0.0,0.0,0.0,0.0,0.0,0.0,0.0,0
Doudet-Naudin Chablis Grand Cru 2019,13.0,2,,1,0.0,0.0,0.0,0.0,0.0,0.0,0.0,0.0,0.0,0.0,0.0,0.0,0.0,0.0,0.0,0.0,0
Carmel 'Selected' Sauvignon Blanc 2019,12.0,2,Sauvignon Blanc,1,0.0,0.0,1.0,1.0,1.0,1.0,0.0,0.0,1.0,1.0,0.0,0.0,1.0,1.0,0.0,0.0,0
Baron Herzog Chardonnay 2019,13.0,2,Chardonnay,1,0.0,0.0,1.0,0.0,1.0,1.0,0.0,1.0,1.0,0.0,1.0,1.0,0.0,0.0,1.0,0.0,0
Edouard Delaunay 'Charmont' Chardonnay 2019,13.5,2,Chardonnay,1,0.0,0.0,1.0,0.0,1.0,1.0,0.0,1.0,1.0,0.0,1.0,1.0,0.0,0.0,1.0,0.0,0
Paul Cluver Sauvignon Blanc 2020,13.5,2,Sauvignon Blanc,1,0.0,0.0,1.0,1.0,1.0,1.0,0.0,0.0,1.0,1.0,0.0,0.0,1.0,1.0,0.0,0.0,0
Greywacke Riesling 2019,11.5,3,Riesling,1,0.0,0.0,0.0,0.0,0.0,1.0,1.0,0.0,1.0,0.0,1.0,0.0,0.0,1.0,1.0,0.0,0
Chain Reaction Chardonnay,13.0,2,Chardonnay,1,0.0,0.0,1.0,0.0,1.0,1.0,0.0,1.0,1.0,0.0,1.0,1.0,0.0,0.0,1.0,0.0,0
Hermann Erdener Treppchen Auslese Riesling 2014,8.0,3,Riesling,1,0.0,0.0,0.0,0.0,0.0,1.0,1.0,0.0,1.0,0.0,1.0,0.0,0.0,1.0,1.0,0.0,2
Campbell's Rutherglen Muscat Half Bottle,17.5,8,Muscat,1,0.0,0.0,0.0,0.0,0.0,0.0,0.0,0.0,0.0,0.0,0.0,0.0,0.0,1.0,1.0,1.0,3
Domaine Lucien Lardy Beaujolais-Villages Blanc 2019,13.5,2,,1,0.0,0.0,0.0,0.0,0.0,0.0,0.0,0.0,0.0,0.0,0.0,0.0,0.0,0.0,0.0,0.0,0
Bodega Matsu 'La Jefa' 2018,13.0,2,,1,0.0,0.0,0.0,0.0,0.0,0.0,0.0,0.0,0.0,0.0,0.0,0.0,0.0,0.0,0.0,0.0,0
Louis Latour Marsannay Blanc 2017,13.5,2,,1,0.0,0.0,0.0,0.0,0.0,0.0,0.0,0.0,0.0,0.0,0.0,0.0,0.0,0.0,0.0,0.0,0
AltoLandon ‘Dulce Enero’ Ice Wine 2020 50cl,13.5,8,,1,0.0,0.0,0.0,0.0,0.0,0.0,0.0,0.0,0.0,0.0,0.0,0.0,0.0,0.0,0.0,0.0,1
Pieropan ‘Calvarino’ Soave Classico DOC 2019,12.5,2,,1,0.0,0.0,0.0,0.0,0.0,0.0,0.0,0.0,0.0,0.0,0.0,0.0,0.0,0.0,0.0,0.0,0
De Bortoli All Rounder Dry Botrytis Semillon 2002,12.5,8,,1,0.0,0.0,0.0,0.0,0.0,0.0,0.0,0.0,0.0,0.0,0.0,0.0,0.0,0.0,0.0,0.0,1
Three Choirs Stonebrook 2020,11.0,2,,1,0.0,0.0,0.0,0.0,0.0,0.0,0.0,0.0,0.0,0.0,0.0,0.0,0.0,0.0,0.0,0.0,0
Jimmy Liao's Riesling,11.0,2,Riesling,1,0.0,0.0,0.0,0.0,0.0,1.0,1.0,0.0,1.0,0.0,1.0,0.0,0.0,1.0,1.0,0.0,0
Yellow Tail Pink Moscato,7.5,2,,1,0.0,0.0,0.0,0.0,0.0,0.0,0.0,0.0,0.0,0.0,0.0,0.0,0.0,0.0,0.0,0.0,2
Big Coq Sweet Muscat,12.0,5,Muscat,1,0.0,0.0,0.0,0.0,0.0,0.0,0.0,0.0,0.0,0.0,0.0,0.0,0.0,1.0,1.0,1.0,1
Yellow Tail Moscato,7.5,2,,1,0.0,0.0,0.0,0.0,0.0,0.0,0.0,0.0,0.0,0.0,0.0,0.0,0.0,0.0,0.0,0.0,2
Villa Maria Private Bin Gewurztraminer,14.0,2,,1,0.0,0.0,0.0,0.0,0.0,0.0,0.0,0.0,0.0,0.0,0.0,0.0,0.0,0.0,0.0,0.0,0
Frontera Smooth & Fruity Red,12.0,5,,1,0.0,0.0,0.0,0.0,0.0,0.0,0.0,0.0,0.0,0.0,0.0,0.0,0.0,0.0,0.0,0.0,1
Flagstone Poetry Cabernet Sauvignon,13.5,5,Cabernet Sauvignon,1,1.0,1.0,0.0,0.0,0.0,0.0,1.0,1.0,0.0,0.0,0.0,1.0,0.0,0.0,0.0,0.0,1
Stormy Cape Cabernet Sauvignon,13.0,5,Cabernet Sauvignon,1,1.0,1.0,0.0,0.0,0.0,0.0,1.0,1.0,0.0,0.0,0.0,1.0,0.0,0.0,0.0,0.0,1
Masalto Cabernet Sauvignon,13.5,5,Cabernet Sauvignon,1,1.0,1.0,0.0,0.0,0.0,0.0,1.0,1.0,0.0,0.0,0.0,1.0,0.0,0.0,0.0,0.0,1
Sinfonia Tempranillo,13.5,5,,1,0.0,0.0,0.0,0.0,0.0,0.0,0.0,0.0,0.0,0.0,0.0,0.0,0.0,0.0,0.0,0.0,1
Isla Negra Seashore Merlot,12.0,5,,1,0.0,0.0,0.0,0.0,0.0,0.0,0.0,0.0,0.0,0.0,0.0,0.0,0.0,0.0,0.0,0.0,1
Hardys Classic Selection Cabernet Merlot,13.0,5,,1,0.0,0.0,0.0,0.0,0.0,0.0,0.0,0.0,0.0,0.0,0.0,0.0,0.0,0.0,0.0,0.0,1
Viña Maipo Classic Cabernet Sauvignon Shiraz,12.0,5,Cabernet Sauvignon,1,1.0,1.0,0.0,0.0,0.0,0.0,1.0,1.0,0.0,0.0,0.0,1.0,0.0,0.0,0.0,0.0,1
Isla Negra Seashore Cabernet Sauvignon,12.0,5,Cabernet Sauvignon,1,1.0,1.0,0.0,0.0,0.0,0.0,1.0,1.0,0.0,0.0,0.0,1.0,0.0,0.0,0.0,0.0,1
Kumala Eternal Pinotage Shiraz,13.5,5,,1,0.0,0.0,0.0,0.0,0.0,0.0,0.0,0.0,0.0,0.0,0.0,0.0,0.0,0.0,0.0,0.0,1
Namaqua Shiraz,14.0,5,,1,0.0,0.0,0.0,0.0,0.0,0.0,0.0,0.0,0.0,0.0,0.0,0.0,0.0,0.0,0.0,0.0,1
Namaqua Pinotage,13.0,5,,1,0.0,0.0,0.0,0.0,0.0,0.0,0.0,0.0,0.0,0.0,0.0,0.0,0.0,0.0,0.0,0.0,1
Namaqua Merlot,13.5,5,,1,0.0,0.0,0.0,0.0,0.0,0.0,0.0,0.0,0.0,0.0,0.0,0.0,0.0,0.0,0.0,0.0,1
Santa Rita 120 Cabernet Sauvignon,13.0,5,Cabernet Sauvignon,1,1.0,1.0,0.0,0.0,0.0,0.0,1.0,1.0,0.0,0.0,0.0,1.0,0.0,0.0,0.0,0.0,1
Casa de Campo Malbec,13.0,5,Malbec,1,1.0,1.0,0.0,0.0,0.0,0.0,1.0,1.0,0.0,0.0,0.0,1.0,0.0,0.0,0.0,0.0,1
Pico Andino Cabernet Sauvignon,12.5,5,Cabernet Sauvignon,1,1.0,1.0,0.0,0.0,0.0,0.0,1.0,1.0,0.0,0.0,0.0,1.0,0.0,0.0,0.0,0.0,1
Rioja Castillo de Albai Tempranillo,13.0,5,Rioja,1,1.0,1.0,0.0,0.0,0.0,0.0,1.0,1.0,1.0,1.0,0.0,0.0,0.0,1.0,0.0,0.0,1
Wolf Blass Red Label Shiraz Cabernet Sauvignon,14.0,5,Cabernet Sauvignon,1,1.0,1.0,0.0,0.0,0.0,0.0,1.0,1.0,0.0,0.0,0.0,1.0,0.0,0.0,0.0,0.0,1
Banrock Station Cabernet Sauvignon,13.5,5,Cabernet Sauvignon,1,1.0,1.0,0.0,0.0,0.0,0.0,1.0,1.0,0.0,0.0,0.0,1.0,0.0,0.0,0.0,0.0,1
Blossom Hill Cabernet Sauvignon,13.0,5,Cabernet Sauvignon,1,1.0,1.0,0.0,0.0,0.0,0.0,1.0,1.0,0.0,0.0,0.0,1.0,0.0,0.0,0.0,0.0,1
Rioja Paternina Monte Haro 2017,13.5,5,Rioja,1,1.0,1.0,0.0,0.0,0.0,0.0,1.0,1.0,1.0,1.0,0.0,0.0,0.0,1.0,0.0,0.0,1
Yellow Tail Medium Sweet Red Roo,12.0,5,,1,0.0,0.0,0.0,0.0,0.0,0.0,0.0,0.0,0.0,0.0,0.0,0.0,0.0,0.0,0.0,0.0,1
Lindemans Bin 45 Cabernet Sauvignon,13.5,5,Cabernet Sauvignon,1,1.0,1.0,0.0,0.0,0.0,0.0,1.0,1.0,0.0,0.0,0.0,1.0,0.0,0.0,0.0,0.0,1
Porta 6 Red,12.5,5,,1,0.0,0.0,0.0,0.0,0.0,0.0,0.0,0.0,0.0,0.0,0.0,0.0,0.0,0.0,0.0,0.0,1
Trapiche Vineyards Malbec,13.0,5,Malbec,1,1.0,1.0,0.0,0.0,0.0,0.0,1.0,1.0,0.0,0.0,0.0,1.0,0.0,0.0,0.0,0.0,1
Fleur de Charlotte Merlot,13.5,5,,1,0.0,0.0,0.0,0.0,0.0,0.0,0.0,0.0,0.0,0.0,0.0,0.0,0.0,0.0,0.0,0.0,1
Rioja Lagunilla Tempranillo 2017,13.5,5,Rioja,1,1.0,1.0,0.0,0.0,0.0,0.0,1.0,1.0,1.0,1.0,0.0,0.0,0.0,1.0,0.0,0.0,1
Lindemans Bin 40 Merlot,14.0,5,,1,0.0,0.0,0.0,0.0,0.0,0.0,0.0,0.0,0.0,0.0,0.0,0.0,0.0,0.0,0.0,0.0,1
Yellow Tail Cabernet Sauvignon,13.5,5,Cabernet Sauvignon,1,1.0,1.0,0.0,0.0,0.0,0.0,1.0,1.0,0.0,0.0,0.0,1.0,0.0,0.0,0.0,0.0,1
Trapiche Pinot Noir,12.5,5,Pinot Noir,1,0.0,1.0,1.0,0.0,0.0,1.0,1.0,0.0,1.0,0.0,0.0,1.0,0.0,0.0,0.0,0.0,1
Kipu Malbec,13.0,5,Malbec,1,1.0,1.0,0.0,0.0,0.0,0.0,1.0,1.0,0.0,0.0,0.0,1.0,0.0,0.0,0.0,0.0,1
Rioja Paternina Banda Azul Crianza 2016,13.5,5,Rioja,1,1.0,1.0,0.0,0.0,0.0,0.0,1.0,1.0,1.0,1.0,0.0,0.0,0.0,1.0,0.0,0.0,1
Los Cardos Malbec,13.5,5,Malbec,1,1.0,1.0,0.0,0.0,0.0,0.0,1.0,1.0,0.0,0.0,0.0,1.0,0.0,0.0,0.0,0.0,1
Verso Rosso Salento,14.0,5,,1,0.0,0.0,0.0,0.0,0.0,0.0,0.0,0.0,0.0,0.0,0.0,0.0,0.0,0.0,0.0,0.0,1
Cahors Malbec Chateau Bladinieres,13.5,4,Malbec,1,1.0,1.0,0.0,0.0,0.0,0.0,1.0,1.0,0.0,0.0,0.0,1.0,0.0,0.0,0.0,0.0,1
Trapiche Oak Cask Malbec,13.5,5,Malbec,1,1.0,1.0,0.0,0.0,0.0,0.0,1.0,1.0,0.0,0.0,0.0,1.0,0.0,0.0,0.0,0.0,1
Squealing Pig Primitivo Puglia,13.5,5,,1,0.0,0.0,0.0,0.0,0.0,0.0,0.0,0.0,0.0,0.0,0.0,0.0,0.0,0.0,0.0,0.0,1
Rioja Crianza Ederra ,13.5,5,Rioja,1,1.0,1.0,0.0,0.0,0.0,0.0,1.0,1.0,1.0,1.0,0.0,0.0,0.0,1.0,0.0,0.0,1
Wolf Blass Yellow Label Merlot,13.5,5,,1,0.0,0.0,0.0,0.0,0.0,0.0,0.0,0.0,0.0,0.0,0.0,0.0,0.0,0.0,0.0,0.0,1
Squealing Pig Mendoza Malbec,13.5,5,Malbec,1,1.0,1.0,0.0,0.0,0.0,0.0,1.0,1.0,0.0,0.0,0.0,1.0,0.0,0.0,0.0,0.0,1
Chateau Trois Moulins Cru Bourgeois Haut-Medoc 2014 SILVER MEDAL,14.0,4,,1,0.0,0.0,0.0,0.0,0.0,0.0,0.0,0.0,0.0,0.0,0.0,0.0,0.0,0.0,0.0,0.0,1
Porta 6 Red Magnum,13.5,5,,1,0.0,0.0,0.0,0.0,0.0,0.0,0.0,0.0,0.0,0.0,0.0,0.0,0.0,0.0,0.0,0.0,1
Chateau Trois Moulins Cru Bourgeois Haut-Medoc 2016,14.0,4,,1,0.0,0.0,0.0,0.0,0.0,0.0,0.0,0.0,0.0,0.0,0.0,0.0,0.0,0.0,0.0,0.0,1
Villa Maria Private Bin Merlot Cabernet Sauvignon,13.0,5,Cabernet Sauvignon,1,1.0,1.0,0.0,0.0,0.0,0.0,1.0,1.0,0.0,0.0,0.0,1.0,0.0,0.0,0.0,0.0,1
Elite d'Or Cabernet Sauvignon Marselan,14.5,5,Cabernet Sauvignon,1,1.0,1.0,0.0,0.0,0.0,0.0,1.0,1.0,0.0,0.0,0.0,1.0,0.0,0.0,0.0,0.0,1
Villa Maria Private Bin Pinot Noir,13.0,6,Pinot Noir,1,0.0,1.0,1.0,0.0,0.0,1.0,1.0,0.0,1.0,0.0,0.0,1.0,0.0,0.0,0.0,0.0,1
Beaujolais Villages Combe aux Jacques Louis Jadot,13.0,6,,1,0.0,0.0,0.0,0.0,0.0,0.0,0.0,0.0,0.0,0.0,0.0,0.0,0.0,0.0,0.0,0.0,1
Villa Maria Private Bin Shiraz,13.0,5,,1,0.0,0.0,0.0,0.0,0.0,0.0,0.0,0.0,0.0,0.0,0.0,0.0,0.0,0.0,0.0,0.0,1
Chateau Le Mayne Bordeaux Superieur,14.0,4,,1,0.0,0.0,0.0,0.0,0.0,0.0,0.0,0.0,0.0,0.0,0.0,0.0,0.0,0.0,0.0,0.0,1
Left Field Pinot Noir,13.0,5,Pinot Noir,1,0.0,1.0,1.0,0.0,0.0,1.0,1.0,0.0,1.0,0.0,0.0,1.0,0.0,0.0,0.0,0.0,1
Marquis de Prayniac Bergerac Sweet White,12.0,7,,1,0.0,0.0,0.0,0.0,0.0,0.0,0.0,0.0,0.0,0.0,0.0,0.0,0.0,0.0,0.0,0.0,1
Big Coq Sweet Muscat,12.0,5,Muscat,1,0.0,0.0,0.0,0.0,0.0,0.0,0.0,0.0,0.0,0.0,0.0,0.0,0.0,1.0,1.0,1.0,1
Yellow Tail Cabernet Sauvignon,13.5,5,Cabernet Sauvignon,1,1.0,1.0,0.0,0.0,0.0,0.0,1.0,1.0,0.0,0.0,0.0,1.0,0.0,0.0,0.0,0.0,1
Trapiche Oak Cask Malbec,13.5,5,Malbec,1,1.0,1.0,0.0,0.0,0.0,0.0,1.0,1.0,0.0,0.0,0.0,1.0,0.0,0.0,0.0,0.0,1
Verso Rosso Salento,14.0,5,,1,0.0,0.0,0.0,0.0,0.0,0.0,0.0,0.0,0.0,0.0,0.0,0.0,0.0,0.0,0.0,0.0,1
Beaujolais Villages Combe aux Jacques Louis Jadot,13.0,6,,1,0.0,0.0,0.0,0.0,0.0,0.0,0.0,0.0,0.0,0.0,0.0,0.0,0.0,0.0,0.0,0.0,1
Vacqueyras Domaine de la Pertiane,14.5,5,,1,0.0,0.0,0.0,0.0,0.0,0.0,0.0,0.0,0.0,0.0,0.0,0.0,0.0,0.0,0.0,0.0,1
Chateau Grand Jauga Sauternes,13.5,4,,1,0.0,0.0,0.0,0.0,0.0,0.0,0.0,0.0,0.0,0.0,0.0,0.0,0.0,0.0,0.0,0.0,1
Alfredini Catarratto Pinot Grigio,12.0,1,Pinot Grigio,1,0.0,0.0,1.0,1.0,1.0,1.0,0.0,0.0,1.0,1.0,0.0,0.0,1.0,1.0,0.0,0.0,0
Laurent-Perrier 'La Cuvée' Champagne,12.0,1,,1,0.0,0.0,0.0,0.0,0.0,0.0,0.0,0.0,0.0,0.0,0.0,0.0,0.0,0.0,0.0,0.0,0
"""R"" de Ruinart Champagne",12.0,1,,1,0.0,0.0,0.0,0.0,0.0,0.0,0.0,0.0,0.0,0.0,0.0,0.0,0.0,0.0,0.0,0.0,0
Lanson Le Vintage 2009,12.5,1,,1,0.0,0.0,0.0,0.0,0.0,0.0,0.0,0.0,0.0,0.0,0.0,0.0,0.0,0.0,0.0,0.0,0
Majestic Loves Pinot Grigio 2016,12.0,1,Pinot Grigio,1,0.0,0.0,1.0,1.0,1.0,1.0,0.0,0.0,1.0,1.0,0.0,0.0,1.0,1.0,0.0,0.0,0
Juve Y Camps Reserva Familia Cava,12.0,1,,1,0.0,0.0,0.0,0.0,0.0,0.0,0.0,0.0,0.0,0.0,0.0,0.0,0.0,0.0,0.0,0.0,0
Devil's Creek Sauvignon Blanc 2020,13.0,1,Sauvignon Blanc,1,0.0,0.0,1.0,1.0,1.0,1.0,0.0,0.0,1.0,1.0,0.0,0.0,1.0,1.0,0.0,0.0,0
Alamos Uco Valley Viognier 2018,13.0,1,,1,0.0,0.0,0.0,0.0,0.0,0.0,0.0,0.0,0.0,0.0,0.0,0.0,0.0,0.0,0.0,0.0,0
Zuccardi Chardonnay 2014,13.5,1,Chardonnay,1,0.0,0.0,1.0,0.0,1.0,1.0,0.0,1.0,1.0,0.0,1.0,1.0,0.0,0.0,1.0,0.0,0
Amontillado Seco Napoleon Hidalgo,17.5,1,,1,0.0,0.0,0.0,0.0,0.0,0.0,0.0,0.0,0.0,0.0,0.0,0.0,0.0,0.0,0.0,0.0,0
Six Brothers Chardonnay,13.5,1,Chardonnay,1,0.0,0.0,1.0,0.0,1.0,1.0,0.0,1.0,1.0,0.0,1.0,1.0,0.0,0.0,1.0,0.0,0
Making Tracks Chardonnay 2018,13.5,1,Chardonnay,1,0.0,0.0,1.0,0.0,1.0,1.0,0.0,1.0,1.0,0.0,1.0,1.0,0.0,0.0,1.0,0.0,0
Selborne Classic Cuvée Brut,12.0,1,,1,0.0,0.0,0.0,0.0,0.0,0.0,0.0,0.0,0.0,0.0,0.0,0.0,0.0,0.0,0.0,0.0,0
Domaines Vinsmoselle Cuvée Antoinette Crémant de Luxembourg,12.5,1,,1,0.0,0.0,0.0,0.0,0.0,0.0,0.0,0.0,0.0,0.0,0.0,0.0,0.0,0.0,0.0,0.0,0
Soumah Chardonnay 2018,13.0,1,Chardonnay,1,0.0,0.0,1.0,0.0,1.0,1.0,0.0,1.0,1.0,0.0,1.0,1.0,0.0,0.0,1.0,0.0,0
Kelly Washington Chardonnay 2017,13.0,1,Chardonnay,1,0.0,0.0,1.0,0.0,1.0,1.0,0.0,1.0,1.0,0.0,1.0,1.0,0.0,0.0,1.0,0.0,0
Baba Marta Sauvignon Blanc 2018,12.5,1,Sauvignon Blanc,1,0.0,0.0,1.0,1.0,1.0,1.0,0.0,0.0,1.0,1.0,0.0,0.0,1.0,1.0,0.0,0.0,0
Single Vision Chenin Blanc 2019,13.0,1,Chenin Blanc,1,0.0,0.0,0.0,0.0,0.0,1.0,1.0,0.0,1.0,0.0,1.0,0.0,0.0,1.0,1.0,0.0,0
Hokum Chardonnay 2018,13.5,1,Chardonnay,1,0.0,0.0,1.0,0.0,1.0,1.0,0.0,1.0,1.0,0.0,1.0,1.0,0.0,0.0,1.0,0.0,0
Mr. Glover Sauvignon Blanc 2020,12.5,1,Sauvignon Blanc,1,0.0,0.0,1.0,1.0,1.0,1.0,0.0,0.0,1.0,1.0,0.0,0.0,1.0,1.0,0.0,0.0,0
Domaine Fouassier 'Sur le Fort' Sancerre 2019,13.5,1,Sancerre,1,0.0,0.0,1.0,1.0,1.0,1.0,0.0,1.0,1.0,1.0,0.0,0.0,1.0,1.0,0.0,0.0,0
Bruno Paillard 'Premiere Cuvée' Brut Champagne,12.0,1,,1,0.0,0.0,0.0,0.0,0.0,0.0,0.0,0.0,0.0,0.0,0.0,0.0,0.0,0.0,0.0,0.0,0
Nicolas Courtin Brut 2013,12.0,1,,1,0.0,0.0,0.0,0.0,0.0,0.0,0.0,0.0,0.0,0.0,0.0,0.0,0.0,0.0,0.0,0.0,0
Puligny-Montrachet 2018/19 Doudet Naudin,13.5,1,,1,0.0,0.0,0.0,0.0,0.0,0.0,0.0,0.0,0.0,0.0,0.0,0.0,0.0,0.0,0.0,0.0,0
Meursault 'Les Clous' 2018 Domaine Prunier,14.0,1,,1,0.0,0.0,0.0,0.0,0.0,0.0,0.0,0.0,0.0,0.0,0.0,0.0,0.0,0.0,0.0,0.0,0
Yealands Sauvignon Blanc 2020/21,13.0,1,Sauvignon Blanc,1,0.0,0.0,1.0,1.0,1.0,1.0,0.0,0.0,1.0,1.0,0.0,0.0,1.0,1.0,0.0,0.0,0
Awatere River Chardonnay 2017,13.5,1,Chardonnay,1,0.0,0.0,1.0,0.0,1.0,1.0,0.0,1.0,1.0,0.0,1.0,1.0,0.0,0.0,1.0,0.0,0
Constantine Solarris Champagne,12.5,1,,1,0.0,0.0,0.0,0.0,0.0,0.0,0.0,0.0,0.0,0.0,0.0,0.0,0.0,0.0,0.0,0.0,0
Domaine Félines Jourdan Picpoul de Pinet 2019,13.0,1,,1,0.0,0.0,0.0,0.0,0.0,0.0,0.0,0.0,0.0,0.0,0.0,0.0,0.0,0.0,0.0,0.0,0
Louis de Cherencey Chablis 2018,12.5,1,,1,0.0,0.0,0.0,0.0,0.0,0.0,0.0,0.0,0.0,0.0,0.0,0.0,0.0,0.0,0.0,0.0,0
Trizanne 'Sondagskloof' Sauvignon Blanc 2018,13.0,1,Sauvignon Blanc,1,0.0,0.0,1.0,1.0,1.0,1.0,0.0,0.0,1.0,1.0,0.0,0.0,1.0,1.0,0.0,0.0,0
Domaine Faiveley Puligny Montrachet 1er Cru,13.0,1,,1,0.0,0.0,0.0,0.0,0.0,0.0,0.0,0.0,0.0,0.0,0.0,0.0,0.0,0.0,0.0,0.0,0
Château Paul Mas Blanc 2015 Belluguette,14.0,1,,1,0.0,0.0,0.0,0.0,0.0,0.0,0.0,0.0,0.0,0.0,0.0,0.0,0.0,0.0,0.0,0.0,0
Hamilton Russell Vineyards Chardonnay 2019/20,13.5,1,Chardonnay,1,0.0,0.0,1.0,0.0,1.0,1.0,0.0,1.0,1.0,0.0,1.0,1.0,0.0,0.0,1.0,0.0,0
Louis Latour Santenay Blanc 2018,13.5,1,,1,0.0,0.0,0.0,0.0,0.0,0.0,0.0,0.0,0.0,0.0,0.0,0.0,0.0,0.0,0.0,0.0,0
Domaine Jomain Bourgogne Blanc 2019,14.5,1,,1,0.0,0.0,0.0,0.0,0.0,0.0,0.0,0.0,0.0,0.0,0.0,0.0,0.0,0.0,0.0,0.0,0
Domaine Louis Moreau Petit Chablis 2019/20,12.0,1,,1,0.0,0.0,0.0,0.0,0.0,0.0,0.0,0.0,0.0,0.0,0.0,0.0,0.0,0.0,0.0,0.0,0
Saint-Aubin Blanc 1er Cru 2019 Domaine Gérard Thomas et Filles,13.5,1,,1,0.0,0.0,0.0,0.0,0.0,0.0,0.0,0.0,0.0,0.0,0.0,0.0,0.0,0.0,0.0,0.0,0
Antinori Castello della Sala ‘Cervaro della Sala’ 2019,13.0,1,,1,0.0,0.0,0.0,0.0,0.0,0.0,0.0,0.0,0.0,0.0,0.0,0.0,0.0,0.0,0.0,0.0,0
Domaine du Vaux Chenonceaux 2016,12.5,1,,1,0.0,0.0,0.0,0.0,0.0,0.0,0.0,0.0,0.0,0.0,0.0,0.0,0.0,0.0,0.0,0.0,0
Domaine de Villargeau 2017 Côteaux du Giennois,13.5,1,,1,0.0,0.0,0.0,0.0,0.0,0.0,0.0,0.0,0.0,0.0,0.0,0.0,0.0,0.0,0.0,0.0,0
Domaine Begude 'Le Paradis' Viognier 2020,13.5,1,,1,0.0,0.0,0.0,0.0,0.0,0.0,0.0,0.0,0.0,0.0,0.0,0.0,0.0,0.0,0.0,0.0,0
Les Jamelles Pinot Gris 2018,13.0,1,Pinot Gris,1,0.0,0.0,1.0,1.0,1.0,1.0,0.0,0.0,1.0,1.0,0.0,0.0,1.0,1.0,0.0,0.0,0
Cuvée des Familles Sauvignon-Viognier 2017 Vin de France,12.0,1,,1,0.0,0.0,0.0,0.0,0.0,0.0,0.0,0.0,0.0,0.0,0.0,0.0,0.0,0.0,0.0,0.0,0
Nicolas Feuillatte Champagne Magnum,12.0,1,,1,0.0,0.0,0.0,0.0,0.0,0.0,0.0,0.0,0.0,0.0,0.0,0.0,0.0,0.0,0.0,0.0,0
Louis Roederer 'Brut Premier' Champagne,12.0,1,,1,0.0,0.0,0.0,0.0,0.0,0.0,0.0,0.0,0.0,0.0,0.0,0.0,0.0,0.0,0.0,0.0,0
Veuve Clicquot 'La Grande Dame' 2008 Champagne,12.5,1,,1,0.0,0.0,0.0,0.0,0.0,0.0,0.0,0.0,0.0,0.0,0.0,0.0,0.0,0.0,0.0,0.0,0
The King's Thorn Pinot Gris 2017 Marlborough,14.0,1,Pinot Gris,1,0.0,0.0,1.0,1.0,1.0,1.0,0.0,0.0,1.0,1.0,0.0,0.0,1.0,1.0,0.0,0.0,0
Errazuriz Estate Series Chardonnay 2019 Casablanca Valley,13.5,1,Chardonnay,1,0.0,0.0,1.0,0.0,1.0,1.0,0.0,1.0,1.0,0.0,1.0,1.0,0.0,0.0,1.0,0.0,0
La Begude 'Amelie' Chardonnay,13.0,1,Chardonnay,1,0.0,0.0,1.0,0.0,1.0,1.0,0.0,1.0,1.0,0.0,1.0,1.0,0.0,0.0,1.0,0.0,0
Chapel Down Chardonnay 2020,11.5,1,Chardonnay,1,0.0,0.0,1.0,0.0,1.0,1.0,0.0,1.0,1.0,0.0,1.0,1.0,0.0,0.0,1.0,0.0,0
Alain Chavy Puligny-Montrachet 2017/18,13.0,1,,1,0.0,0.0,0.0,0.0,0.0,0.0,0.0,0.0,0.0,0.0,0.0,0.0,0.0,0.0,0.0,0.0,0
Elodie Duprés Chablis 2018 Magnum,13.0,1,,1,0.0,0.0,0.0,0.0,0.0,0.0,0.0,0.0,0.0,0.0,0.0,0.0,0.0,0.0,0.0,0.0,0
Gufetto Pinot Grigio 2018,12.0,1,Pinot Grigio,1,0.0,0.0,1.0,1.0,1.0,1.0,0.0,0.0,1.0,1.0,0.0,0.0,1.0,1.0,0.0,0.0,0
Villa Vito Pinot Grigio 2018 Magnum,12.0,1,Pinot Grigio,1,0.0,0.0,1.0,1.0,1.0,1.0,0.0,0.0,1.0,1.0,0.0,0.0,1.0,1.0,0.0,0.0,0
Albana Secco Campodora DOCG,13.0,1,,1,0.0,0.0,0.0,0.0,0.0,0.0,0.0,0.0,0.0,0.0,0.0,0.0,0.0,0.0,0.0,0.0,0
Barone Montalto Vermentino,12.0,1,,1,0.0,0.0,0.0,0.0,0.0,0.0,0.0,0.0,0.0,0.0,0.0,0.0,0.0,0.0,0.0,0.0,0
Arghé Pinot Grigio 2018,12.5,1,Pinot Grigio,1,0.0,0.0,1.0,1.0,1.0,1.0,0.0,0.0,1.0,1.0,0.0,0.0,1.0,1.0,0.0,0.0,0
Tyrrell's Vat 1 Sémillon 2014,11.5,1,,1,0.0,0.0,0.0,0.0,0.0,0.0,0.0,0.0,0.0,0.0,0.0,0.0,0.0,0.0,0.0,0.0,0
Castaway Island Chardonnay 2018,13.0,1,Chardonnay,1,0.0,0.0,1.0,0.0,1.0,1.0,0.0,1.0,1.0,0.0,1.0,1.0,0.0,0.0,1.0,0.0,0
Miss Lucy Sauvignon Pinot Gris,12.5,1,Pinot Gris,1,0.0,0.0,1.0,1.0,1.0,1.0,0.0,0.0,1.0,1.0,0.0,0.0,1.0,1.0,0.0,0.0,0
Kutch Sonoma Coast Chardonnay 2018,13.0,1,Chardonnay,1,0.0,0.0,1.0,0.0,1.0,1.0,0.0,1.0,1.0,0.0,1.0,1.0,0.0,0.0,1.0,0.0,0
Mayacamas Chardonnay 2015,14.5,1,Chardonnay,1,0.0,0.0,1.0,0.0,1.0,1.0,0.0,1.0,1.0,0.0,1.0,1.0,0.0,0.0,1.0,0.0,0
Clare Wine Co Watervale Riesling 2018,12.5,1,Riesling,1,0.0,0.0,0.0,0.0,0.0,1.0,1.0,0.0,1.0,0.0,1.0,0.0,0.0,1.0,1.0,0.0,0
Bird in Hand 'Two in the Bush' Chardonnay 2019/20,13.0,1,Chardonnay,1,0.0,0.0,1.0,0.0,1.0,1.0,0.0,1.0,1.0,0.0,1.0,1.0,0.0,0.0,1.0,0.0,0
Majestic Loves Sauvignon Magnum,12.0,1,,1,0.0,0.0,0.0,0.0,0.0,0.0,0.0,0.0,0.0,0.0,0.0,0.0,0.0,0.0,0.0,0.0,0
Devil's Creek 'Barrel Select' Sauvignon Blanc 2019,13.5,1,Sauvignon Blanc,1,0.0,0.0,1.0,1.0,1.0,1.0,0.0,0.0,1.0,1.0,0.0,0.0,1.0,1.0,0.0,0.0,0
Larry Cherubino ‘Folklore’ Chardonnay 2019,12.5,1,Chardonnay,1,0.0,0.0,1.0,0.0,1.0,1.0,0.0,1.0,1.0,0.0,1.0,1.0,0.0,0.0,1.0,0.0,0
Rutherglen Shelley's Block Marsanne,13.5,1,,1,0.0,0.0,0.0,0.0,0.0,0.0,0.0,0.0,0.0,0.0,0.0,0.0,0.0,0.0,0.0,0.0,0
Luis Felipe Edwards Elegido Sauvignon Gran Reserva,13.5,1,,1,0.0,0.0,0.0,0.0,0.0,0.0,0.0,0.0,0.0,0.0,0.0,0.0,0.0,0.0,0.0,0.0,0
De Bortoli Tumbarumba Chardonnay 2018/19,13.0,1,Chardonnay,1,0.0,0.0,1.0,0.0,1.0,1.0,0.0,1.0,1.0,0.0,1.0,1.0,0.0,0.0,1.0,0.0,0
Stonier Reserve Chardonnay 2016,13.5,1,Chardonnay,1,0.0,0.0,1.0,0.0,1.0,1.0,0.0,1.0,1.0,0.0,1.0,1.0,0.0,0.0,1.0,0.0,0
"Gavi Brut Metodo Classico ""La Battistina"" 2017",12.0,1,Gavi,1,0.0,0.0,1.0,1.0,1.0,1.0,0.0,0.0,1.0,1.0,1.0,0.0,0.0,0.0,1.0,0.0,0
Origines de Gascoigne 2019,11.5,1,,1,0.0,0.0,0.0,0.0,0.0,0.0,0.0,0.0,0.0,0.0,0.0,0.0,0.0,0.0,0.0,0.0,0
Bott Frigyes Furmint 2018,13.0,1,,1,0.0,0.0,0.0,0.0,0.0,0.0,0.0,0.0,0.0,0.0,0.0,0.0,0.0,0.0,0.0,0.0,0
Casillero del Diablo Sauvignon Blanc 2019,13.0,1,Sauvignon Blanc,1,0.0,0.0,1.0,1.0,1.0,1.0,0.0,0.0,1.0,1.0,0.0,0.0,1.0,1.0,0.0,0.0,0
Jordan Barrel Fermented Chardonnay 2019,13.5,1,Chardonnay,1,0.0,0.0,1.0,0.0,1.0,1.0,0.0,1.0,1.0,0.0,1.0,1.0,0.0,0.0,1.0,0.0,0
Awatere River Single Vineyard Sauvignon Blanc 2018,13.0,1,Sauvignon Blanc,1,0.0,0.0,1.0,1.0,1.0,1.0,0.0,0.0,1.0,1.0,0.0,0.0,1.0,1.0,0.0,0.0,0
Berton Vineyards Aranel 2020,12.5,1,,1,0.0,0.0,0.0,0.0,0.0,0.0,0.0,0.0,0.0,0.0,0.0,0.0,0.0,0.0,0.0,0.0,0
Jacked Sauvignon Blanc with Ginger 50cl,12.5,1,Sauvignon Blanc,1,0.0,0.0,1.0,1.0,1.0,1.0,0.0,0.0,1.0,1.0,0.0,0.0,1.0,1.0,0.0,0.0,0
Frontera Crisp & Fresh White,12.0,1,,1,0.0,0.0,0.0,0.0,0.0,0.0,0.0,0.0,0.0,0.0,0.0,0.0,0.0,0.0,0.0,0.0,0
Loch Fyne Chenin Blanc,13.5,1,Chenin Blanc,1,0.0,0.0,0.0,0.0,0.0,1.0,1.0,0.0,1.0,0.0,1.0,0.0,0.0,1.0,1.0,0.0,0
Flagstone Poetry Sauvignon Blanc,12.5,1,Sauvignon Blanc,1,0.0,0.0,1.0,1.0,1.0,1.0,0.0,0.0,1.0,1.0,0.0,0.0,1.0,1.0,0.0,0.0,0
Sinfonia Sauvignon Blanc,12.5,1,Sauvignon Blanc,1,0.0,0.0,1.0,1.0,1.0,1.0,0.0,0.0,1.0,1.0,0.0,0.0,1.0,1.0,0.0,0.0,0
Sinfonia Verdejo,12.0,1,Verdejo,1,0.0,0.0,1.0,1.0,1.0,1.0,0.0,0.0,1.0,1.0,0.0,0.0,1.0,1.0,0.0,0.0,0
Masalto Chardonnay,13.5,1,Chardonnay,1,0.0,0.0,1.0,0.0,1.0,1.0,0.0,1.0,1.0,0.0,1.0,1.0,0.0,0.0,1.0,0.0,0
Catarratto Pinot Grigio Lentezza ,12.0,1,Pinot Grigio,1,0.0,0.0,1.0,1.0,1.0,1.0,0.0,0.0,1.0,1.0,0.0,0.0,1.0,1.0,0.0,0.0,0
Catarratto Pinot Grigio Allegri,12.0,1,Pinot Grigio,1,0.0,0.0,1.0,1.0,1.0,1.0,0.0,0.0,1.0,1.0,0.0,0.0,1.0,1.0,0.0,0.0,0
Isla Negra Seashore Chardonnay Pedro Ximenez,12.0,1,Chardonnay,1,0.0,0.0,1.0,0.0,1.0,1.0,0.0,1.0,1.0,0.0,1.0,1.0,0.0,0.0,1.0,0.0,0
Kumala Eternal Sémillon Sauvignon Blanc,12.0,1,Sauvignon Blanc,1,0.0,0.0,1.0,1.0,1.0,1.0,0.0,0.0,1.0,1.0,0.0,0.0,1.0,1.0,0.0,0.0,0
Viña Maipo Classic Sauvignon Blanc Pedro Ximenez,12.0,1,Sauvignon Blanc,1,0.0,0.0,1.0,1.0,1.0,1.0,0.0,0.0,1.0,1.0,0.0,0.0,1.0,1.0,0.0,0.0,0
Isla Negra Seashore Sauvignon Blanc Pedro Ximenez,12.0,1,Sauvignon Blanc,1,0.0,0.0,1.0,1.0,1.0,1.0,0.0,0.0,1.0,1.0,0.0,0.0,1.0,1.0,0.0,0.0,0
Stormy Cape Chardonnay,13.0,1,Chardonnay,1,0.0,0.0,1.0,0.0,1.0,1.0,0.0,1.0,1.0,0.0,1.0,1.0,0.0,0.0,1.0,0.0,0
Hardys Classic Selection Chardonnay,12.5,1,Chardonnay,1,0.0,0.0,1.0,0.0,1.0,1.0,0.0,1.0,1.0,0.0,1.0,1.0,0.0,0.0,1.0,0.0,0
Vina Maipo Classic Chardonnay Pedro Ximenez,12.0,1,Chardonnay,1,0.0,0.0,1.0,0.0,1.0,1.0,0.0,1.0,1.0,0.0,1.0,1.0,0.0,0.0,1.0,0.0,0
Namaqua Sauvignon Blanc,12.5,1,Sauvignon Blanc,1,0.0,0.0,1.0,1.0,1.0,1.0,0.0,0.0,1.0,1.0,0.0,0.0,1.0,1.0,0.0,0.0,0
Pinot Grigio Cantastorie,12.0,1,Pinot Grigio,1,0.0,0.0,1.0,1.0,1.0,1.0,0.0,0.0,1.0,1.0,0.0,0.0,1.0,1.0,0.0,0.0,0
Pinot Grigio Ca Lunghetta,12.0,1,Pinot Grigio,1,0.0,0.0,1.0,1.0,1.0,1.0,0.0,0.0,1.0,1.0,0.0,0.0,1.0,1.0,0.0,0.0,0
Banrock Station Colombard Chardonnay,12.5,1,Chardonnay,1,0.0,0.0,1.0,0.0,1.0,1.0,0.0,1.0,1.0,0.0,1.0,1.0,0.0,0.0,1.0,0.0,0
Wolf Blass Red Label Semillon Chardonnay,13.0,1,Chardonnay,1,0.0,0.0,1.0,0.0,1.0,1.0,0.0,1.0,1.0,0.0,1.0,1.0,0.0,0.0,1.0,0.0,0
Hardys VR Sauvignon Blanc,12.5,1,Sauvignon Blanc,1,0.0,0.0,1.0,1.0,1.0,1.0,0.0,0.0,1.0,1.0,0.0,0.0,1.0,1.0,0.0,0.0,0
Yellow Tail Unoaked Chardonnay,11.5,1,Chardonnay,1,0.0,0.0,1.0,0.0,1.0,1.0,0.0,1.0,1.0,0.0,1.0,1.0,0.0,0.0,1.0,0.0,0
Trapiche Pinot Grigio,12.5,1,Pinot Grigio,1,0.0,0.0,1.0,1.0,1.0,1.0,0.0,0.0,1.0,1.0,0.0,0.0,1.0,1.0,0.0,0.0,0
Southern Ocean Marlborough Sauvignon Blanc,12.5,1,Sauvignon Blanc,1,0.0,0.0,1.0,1.0,1.0,1.0,0.0,0.0,1.0,1.0,0.0,0.0,1.0,1.0,0.0,0.0,0
Fitzroy Bay Marlborough Sauvignon Blanc,12.5,1,Sauvignon Blanc,1,0.0,0.0,1.0,1.0,1.0,1.0,0.0,0.0,1.0,1.0,0.0,0.0,1.0,1.0,0.0,0.0,0
Prestige de Calvet Sauvignon Blanc,12.0,1,Sauvignon Blanc,1,0.0,0.0,1.0,1.0,1.0,1.0,0.0,0.0,1.0,1.0,0.0,0.0,1.0,1.0,0.0,0.0,0
The Ned Sauvignon Blanc,13.0,1,Sauvignon Blanc,1,0.0,0.0,1.0,1.0,1.0,1.0,0.0,0.0,1.0,1.0,0.0,0.0,1.0,1.0,0.0,0.0,0
Squealing Pig Australian Chardonnay,13.0,1,Chardonnay,1,0.0,0.0,1.0,0.0,1.0,1.0,0.0,1.0,1.0,0.0,1.0,1.0,0.0,0.0,1.0,0.0,0
Cotes du Rhone L Tradition Blanc,14.0,1,,1,0.0,0.0,0.0,0.0,0.0,0.0,0.0,0.0,0.0,0.0,0.0,0.0,0.0,0.0,0.0,0.0,0
Pulpo Marlborough Sauvignon Blanc,12.5,1,Sauvignon Blanc,1,0.0,0.0,1.0,1.0,1.0,1.0,0.0,0.0,1.0,1.0,0.0,0.0,1.0,1.0,0.0,0.0,0
Villa Maria Private Bin Pinot Grigio,13.5,1,Pinot Grigio,1,0.0,0.0,1.0,1.0,1.0,1.0,0.0,0.0,1.0,1.0,0.0,0.0,1.0,1.0,0.0,0.0,0
Villa Maria Private Bin Sauvignon Blanc,13.0,1,Sauvignon Blanc,1,0.0,0.0,1.0,1.0,1.0,1.0,0.0,0.0,1.0,1.0,0.0,0.0,1.0,1.0,0.0,0.0,0
Villa Maria Private Bin Chardonnay,13.0,1,Chardonnay,1,0.0,0.0,1.0,0.0,1.0,1.0,0.0,1.0,1.0,0.0,1.0,1.0,0.0,0.0,1.0,0.0,0
Vidal Sauvignon Blanc,13.0,1,Sauvignon Blanc,1,0.0,0.0,1.0,1.0,1.0,1.0,0.0,0.0,1.0,1.0,0.0,0.0,1.0,1.0,0.0,0.0,0
Picpoul de Pinet Haut Bridau,12.5,1,,1,0.0,0.0,0.0,0.0,0.0,0.0,0.0,0.0,0.0,0.0,0.0,0.0,0.0,0.0,0.0,0.0,0
Wolf Blass Silver Label Chardonnay,13.0,1,Chardonnay,1,0.0,0.0,1.0,0.0,1.0,1.0,0.0,1.0,1.0,0.0,1.0,1.0,0.0,0.0,1.0,0.0,0
Left Field Sauvignon Blanc,13.5,1,Sauvignon Blanc,1,0.0,0.0,1.0,1.0,1.0,1.0,0.0,0.0,1.0,1.0,0.0,0.0,1.0,1.0,0.0,0.0,0
Esk Valley Sauvignon Blanc,13.5,1,Sauvignon Blanc,1,0.0,0.0,1.0,1.0,1.0,1.0,0.0,0.0,1.0,1.0,0.0,0.0,1.0,1.0,0.0,0.0,0
Petit Chablis Alain Geoffroy,12.5,1,Chablis,1,0.0,1.0,0.0,1.0,1.0,1.0,0.0,0.0,1.0,1.0,1.0,0.0,0.0,0.0,0.0,0.0,0
Macon Lugny Les Charmes,13.0,1,,1,0.0,0.0,0.0,0.0,0.0,0.0,0.0,0.0,0.0,0.0,0.0,0.0,0.0,0.0,0.0,0.0,0
Chablis Alain Geoffroy Domaine La Marguerite,12.5,1,Chablis,1,0.0,1.0,0.0,1.0,1.0,1.0,0.0,0.0,1.0,1.0,1.0,0.0,0.0,0.0,0.0,0.0,0
Chablis Domaine Le Verger,12.5,1,Chablis,1,0.0,1.0,0.0,1.0,1.0,1.0,0.0,0.0,1.0,1.0,1.0,0.0,0.0,0.0,0.0,0.0,0
Petit Chablis Louis Jadot,12.0,1,Chablis,1,0.0,1.0,0.0,1.0,1.0,1.0,0.0,0.0,1.0,1.0,1.0,0.0,0.0,0.0,0.0,0.0,0
Sancerre Blanc La Perrière,13.5,1,Sancerre,1,0.0,0.0,1.0,1.0,1.0,1.0,0.0,1.0,1.0,1.0,0.0,0.0,1.0,1.0,0.0,0.0,0
Givry Blanc Remoissenet,13.0,1,,1,0.0,0.0,0.0,0.0,0.0,0.0,0.0,0.0,0.0,0.0,0.0,0.0,0.0,0.0,0.0,0.0,0
Chateauneuf-du-Pape White Terroir Daronton,13.5,1,,1,0.0,0.0,0.0,0.0,0.0,0.0,0.0,0.0,0.0,0.0,0.0,0.0,0.0,0.0,0.0,0.0,0
Marsannay Blanc Huguenot,13.0,1,,1,0.0,0.0,0.0,0.0,0.0,0.0,0.0,0.0,0.0,0.0,0.0,0.0,0.0,0.0,0.0,0.0,0
Meursault Clos du Domaine Henri Darnat 2018,13.5,1,,1,0.0,0.0,0.0,0.0,0.0,0.0,0.0,0.0,0.0,0.0,0.0,0.0,0.0,0.0,0.0,0.0,0
Chassagne Montrachet Remoissenet 2017,13.0,1,,1,0.0,0.0,0.0,0.0,0.0,0.0,0.0,0.0,0.0,0.0,0.0,0.0,0.0,0.0,0.0,0.0,0
Meursault Remoissenet Cuvée Maurice Chevalier 2015,13.5,1,,1,0.0,0.0,0.0,0.0,0.0,0.0,0.0,0.0,0.0,0.0,0.0,0.0,0.0,0.0,0.0,0.0,0
Puligny Montrachet Remoissenet 2017,13.0,1,,1,0.0,0.0,0.0,0.0,0.0,0.0,0.0,0.0,0.0,0.0,0.0,0.0,0.0,0.0,0.0,0.0,0
Catarratto Pinot Grigio Allegri,12.0,1,Pinot Grigio,1,0.0,0.0,1.0,1.0,1.0,1.0,0.0,0.0,1.0,1.0,0.0,0.0,1.0,1.0,0.0,0.0,0
Big Coq Ventoux Rosé,13.0,1,,1,0.0,0.0,0.0,0.0,0.0,0.0,0.0,0.0,0.0,0.0,0.0,0.0,0.0,0.0,0.0,0.0,0
Matua Pinot Noir Rosé,13.0,1,Pinot Noir,1,0.0,1.0,1.0,0.0,0.0,1.0,1.0,0.0,1.0,0.0,0.0,1.0,0.0,0.0,0.0,0.0,0
Bandol Rosé,13.0,1,,1,0.0,0.0,0.0,0.0,0.0,0.0,0.0,0.0,0.0,0.0,0.0,0.0,0.0,0.0,0.0,0.0,0
Essentielle Les Masques Rosé Magnum,12.5,1,,1,0.0,0.0,0.0,0.0,0.0,0.0,0.0,0.0,0.0,0.0,0.0,0.0,0.0,0.0,0.0,0.0,0
Sancerre Rosé La Perriere,13.0,1,Sancerre,1,0.0,0.0,1.0,1.0,1.0,1.0,0.0,1.0,1.0,1.0,0.0,0.0,1.0,1.0,0.0,0.0,0
Akitabare “Koshiki Junzukuri”,14.5,3,Junmai,0,,,,,,,,,,,,,,,,,0
Hoyo “Genji”,15.0,2,Junmai,0,,,,,,,,,,,,,,,,,0
Hoyo “Sawayaka Junmai”,15.0,1,Junmai,0,,,,,,,,,,,,,,,,,0
Kamoizumi “Shusen”,16.0,4,Junmai,0,,,,,,,,,,,,,,,,,3
Kuzuryu “Junmai”,14.5,4,Junmai,0,,,,,,,,,,,,,,,,,1
Masumi “Okuden Kantsukuri”,15.0,7,Junmai,0,,,,,,,,,,,,,,,,,3
Miyasaka “Yawaraka Junmai”,12.0,6,Junmai,0,,,,,,,,,,,,,,,,,1
Sohomare “Karakuchi”,15.0,1,Junmai,0,,,,,,,,,,,,,,,,,0
Sohomare “Tokubetsu Kimoto”,15.0,5,Junmai,0,,,,,,,,,,,,,,,,,3
Tamagawa “Tokubetsu Junmai”,16.5,5,Junmai,0,,,,,,,,,,,,,,,,,3
Tedorigawa “Yamahai Junmai”,15.5,1,Junmai,0,,,,,,,,,,,,,,,,,0
Dewazakura “Dewasansan”,15.5,2,Ginjo,0,,,,,,,,,,,,,,,,,0
Dewazakura “Izumi Judan”,17.5,1,Ginjo,0,,,,,,,,,,,,,,,,,0
Dewazakura “Oka”,15.5,6,Ginjo,0,,,,,,,,,,,,,,,,,3
Dewazakura “Omachi”,16.5,2,Ginjo,0,,,,,,,,,,,,,,,,,0
Kokuryu “Junmai Ginjo”,15.5,3,Ginjo,0,,,,,,,,,,,,,,,,,0
Koshi no Kanbai “Sai”,15.0,6,Ginjo,0,,,,,,,,,,,,,,,,,3
Nagurayama “Yokikana”,16.0,6,Ginjo,0,,,,,,,,,,,,,,,,,3
Sohomare “Junmai Ginjo”,15.0,6,Ginjo,0,,,,,,,,,,,,,,,,,3
Dewazakura “Namagenshu”,17.5,6,Ginjo,0,,,,,,,,,,,,,,,,,3
Kamoizumi “Red Maple”,18.0,5,Ginjo,0,,,,,,,,,,,,,,,,,3
Akitabare “Daiginjo”,15.0,7,Daigino,0,,,,,,,,,,,,,,,,,3
Dewazakura “Ichiro”,15.0,5,Daigino,0,,,,,,,,,,,,,,,,,3
Hoyo “Kura no Hana”,15.0,8,Daigino,0,,,,,,,,,,,,,,,,,3
Kamoizumi “Junmai Daiginjo”,16.0,7,Daigino,0,,,,,,,,,,,,,,,,,3
Kokuryu “Ryu”,15.0,8,Daigino,0,,,,,,,,,,,,,,,,,3
Koshi no Kanbai “Chotokusen”,16.0,5,Daigino,0,,,,,,,,,,,,,,,,,3
Koshi no Kanbai “Kinmuku”,16.0,4,Daigino,0,,,,,,,,,,,,,,,,,3
Koshi no Kanbai “Muku”,16.0,6,Daigino,0,,,,,,,,,,,,,,,,,3
Kuzuryu “Daiginjo”,15.0,5,Daigino,0,,,,,,,,,,,,,,,,,3
Masumi “Sanka”,15.0,7,Daigino,0,,,,,,,,,,,,,,,,,3
Masumi “Yumedono”,17.0,8,Daigino,0,,,,,,,,,,,,,,,,,3
Tedorigawa “Iki na Onna”,16.5,6,Daigino,0,,,,,,,,,,,,,,,,,3
Tedorigawa “Yamahai Daiginjo”,15.5,8,Daigino,0,,,,,,,,,,,,,,,,,3
Tedorigawa “Kinka”,16.5,6,Daigino,0,,,,,,,,,,,,,,,,,3
Tedorigawa “Tsuyusanzen”,15.5,8,Daigino,0,,,,,,,,,,,,,,,,,3
Akitabare “Shunsetsu”,14.0,2,Honjozo,0,,,,,,,,,,,,,,,,,0
Seitoku “Bessen,15.0,1,Futsushu,0,,,,,,,,,,,,,,,,,0
